matrix,implementation,rows,cols,nnz,threads,blocks,time_min_ms,time_max_ms,time_avg_ms,time_geomean_ms,time_stddev_ms,gflopss_min,gflopss_max,gflopss_avg,gflopss_avg_geo,gflopss_std,bandwidth_min_gbs,bandwidth_max_gbs,bandwidth_avg_gbs,bandwidth_avg_gbs_geo,bandwidth_std,rmse_min,rmse_max,rmse_avg,rmse_geomean,rmse_stddev,raw_time_ms,raw_gflopss_ms,raw_bandwidth_gbs,raw_rmse
./Dataset/ASIC_680ks/ASIC_680ks.mtx,COO CPU,682712,682712,2329176,0,0,15.500000,28.118000,19.681797,19.380737,3.786667,0.165672,0.300539,0.243836,0.240360,0.042172,1.325372,2.404311,1.950688,1.922879,0.337372,0.000000,0.000000,0.000000,0.000000,0.000000,"22.000999;28.118000;18.690001;20.396999;22.143000;19.488001;18.150000;16.583000;15.748000;15.500000","0.211734;0.165672;0.249243;0.228384;0.210376;0.239037;0.256659;0.280911;0.295806;0.300539","1.693869;1.325372;1.993944;1.827073;1.683007;1.912295;2.053268;2.247290;2.366447;2.404311",""
./Dataset/ASIC_680ks/ASIC_680ks.mtx,COO NVDA,682712,682712,2329176,256,9099,1.618720,1.633280,1.624096,1.624088,0.005284,2.852145,2.877800,2.868301,2.868288,0.009307,22.817162,23.022398,22.946407,22.946301,0.074454,0.000319,0.000319,0.000319,0.000319,0.000000,"1.633280;1.620992;1.623040;1.633056;1.618944;1.625024;1.622848;1.618720;1.619968;1.625088","2.852145;2.873766;2.870140;2.852536;2.877402;2.866636;2.870480;2.877800;2.875583;2.866523","22.817162;22.990129;22.961121;22.820292;23.019213;22.933088;22.963837;23.022398;23.004662;22.932184","0.000319;0.000319;0.000319;0.000319;0.000319;0.000319;0.000319;0.000319;0.000319;0.000319"
./Dataset/ASIC_680ks/ASIC_680ks.mtx,COO cuSparse,682712,682712,2329176,0,0,1.085440,1.088384,1.087034,1.087033,0.000933,4.280063,4.291671,4.285383,4.285381,0.003677,34.240505,34.333370,34.283062,34.283051,0.029414,0.000606,0.000606,0.000606,0.000606,0.000000,"1.087392;1.086464;1.085440;1.086464;1.086464;1.086464;1.087456;1.088384;1.088320;1.087488","4.283967;4.287626;4.291671;4.287626;4.287626;4.287626;4.283716;4.280063;4.280314;4.283589","34.271740;34.301010;34.333370;34.301010;34.301010;34.301010;34.269726;34.240505;34.242516;34.268711","0.000606;0.000606;0.000606;0.000606;0.000606;0.000606;0.000606;0.000606;0.000606;0.000606"
./Dataset/ASIC_680ks/ASIC_680ks.mtx,CSR CPU,682712,682712,2329176,0,0,12.899000,13.620000,13.267500,13.265437,0.246954,0.342023,0.361141,0.351219,0.351165,0.006510,2.453143,2.590264,2.519102,2.518711,0.046690,0.000000,0.000000,0.000000,0.000000,0.000000,"13.531000;12.899000;13.620000;13.599000;13.173000;13.192000;13.090000;13.115000;13.092000;13.364000","0.344273;0.361141;0.342023;0.342551;0.353629;0.353119;0.355871;0.355193;0.355817;0.348575","2.469279;2.590264;2.453143;2.456931;2.536386;2.532732;2.552468;2.547603;2.552078;2.500135",""
./Dataset/ASIC_680ks/ASIC_680ks.mtx,CSR NVDA,682712,682712,2329176,256,2667,1.519616,1.544160,1.530349,1.530333,0.007292,3.016755,3.065480,3.044043,3.044012,0.014475,21.637529,21.987007,21.833248,21.833029,0.103823,0.000885,0.000885,0.000885,0.000885,0.000000,"1.527808;1.536832;1.523712;1.544160;1.527808;1.531904;1.537184;1.525632;1.528832;1.519616","3.049043;3.031140;3.057239;3.016755;3.049043;3.040890;3.030445;3.053391;3.047001;3.065480","21.869116;21.740704;21.927902;21.637529;21.869116;21.810642;21.735723;21.900307;21.854467;21.987007","0.000885;0.000885;0.000885;0.000885;0.000885;0.000885;0.000885;0.000885;0.000885;0.000885"
./Dataset/ASIC_680ks/ASIC_680ks.mtx,CSR Vector NVDA,682712,682712,2329176,256,85339,7.887872,7.892992,7.890326,7.890326,0.001940,0.590188,0.590571,0.590388,0.590388,0.000145,4.233098,4.235846,4.234528,4.234528,0.001041,0.000686,0.000686,0.000686,0.000686,0.000000,"7.889920;7.887872;7.891936;7.888896;7.892992;7.887872;7.890944;7.888896;7.892992;7.890944","0.590418;0.590571;0.590267;0.590495;0.590188;0.590571;0.590342;0.590495;0.590188;0.590342","4.234746;4.235846;4.233665;4.235296;4.233098;4.235846;4.234197;4.235296;4.233098;4.234197","0.000686;0.000686;0.000686;0.000686;0.000686;0.000686;0.000686;0.000686;0.000686;0.000686"
./Dataset/ASIC_680ks/ASIC_680ks.mtx,CSR cuSparse NVDA,682712,682712,2329176,0,0,0.992256,1.000320,0.994803,0.994801,0.002441,4.656862,4.694708,4.682712,4.682700,0.011461,33.401123,33.672569,33.586533,33.586441,0.082203,0.000606,0.000606,0.000606,0.000606,0.000000,"0.992256;0.994304;0.993280;0.993280;0.994304;0.996352;0.996352;0.995328;1.000320;0.992256","4.694708;4.685038;4.689868;4.689868;4.685038;4.675408;4.675408;4.680218;4.656862;4.694708","33.672569;33.603210;33.637856;33.637856;33.603210;33.534142;33.534142;33.568642;33.401123;33.672569","0.000606;0.000606;0.000606;0.000606;0.000606;0.000606;0.000606;0.000606;0.000606;0.000606"
./Dataset/bone010/bone010.mtx,COO CPU,986703,986703,36326512,0,0,175.037003,191.483994,179.375198,179.320801,4.724225,0.379421,0.415072,0.405276,0.405157,0.010228,3.035367,3.320579,3.242209,3.241254,0.081823,0.000000,0.000000,0.000000,0.000000,0.000000,"191.483994;177.643997;179.259995;179.824005;179.212006;175.806000;177.714005;175.037003;176.039001;181.731995","0.379421;0.408981;0.405294;0.404023;0.405403;0.413257;0.408820;0.415072;0.412710;0.399781","3.035367;3.271848;3.242353;3.232183;3.243221;3.306054;3.270559;3.320579;3.301678;3.198249",""
./Dataset/bone010/bone010.mtx,COO NVDA,986703,986703,36326512,256,141901,43.447296,43.569153,43.508308,43.508289,0.041604,1.667534,1.672210,1.669867,1.669866,0.001597,13.340268,13.377684,13.358935,13.358930,0.012775,0.007126,0.007139,0.007134,0.007134,0.000004,"43.464703;43.447296;43.554817;43.512833;43.514687;43.569153;43.535358;43.475967;43.470848;43.537407","1.671541;1.672210;1.668082;1.669692;1.669621;1.667534;1.668828;1.671108;1.671304;1.668749","13.372326;13.377684;13.344659;13.357535;13.356966;13.340268;13.350624;13.368862;13.370436;13.349996","0.007131;0.007139;0.007126;0.007133;0.007135;0.007137;0.007130;0.007137;0.007131;0.007137"
./Dataset/bone010/bone010.mtx,COO cuSparse,986703,986703,36326512,0,0,12.777472,12.786688,12.782593,12.782592,0.003481,5.681927,5.686025,5.683748,5.683748,0.001548,45.455418,45.488201,45.469982,45.469982,0.012382,0.006005,0.006005,0.006005,0.006005,0.000000,"12.786688;12.784640;12.786688;12.780544;12.777472;12.780544;12.777472;12.782592;12.785664;12.783616","5.681927;5.682837;5.681927;5.684658;5.686025;5.684658;5.686025;5.683747;5.682382;5.683292","45.455418;45.462696;45.455418;45.477264;45.488201;45.477264;45.488201;45.469978;45.459057;45.466335","0.006005;0.006005;0.006005;0.006005;0.006005;0.006005;0.006005;0.006005;0.006005;0.006005"
./Dataset/bone010/bone010.mtx,CSR CPU,986703,986703,36326512,0,0,127.331001,140.091995,134.065887,133.989746,4.757016,0.518609,0.570584,0.542537,0.542228,0.019326,3.168003,3.485497,3.314169,3.312282,0.118058,0.000000,0.000000,0.000000,0.000000,0.000000,"132.259995;137.453995;131.197006;140.091995;127.331001;133.729004;139.679001;132.574997;138.809006;127.532997","0.549320;0.528562;0.553770;0.518609;0.570584;0.543285;0.520143;0.548015;0.523403;0.569680","3.355601;3.228802;3.382789;3.168003;3.485497;3.318740;3.177369;3.347628;3.197284;3.479976",""
./Dataset/bone010/bone010.mtx,CSR NVDA,986703,986703,36326512,256,3855,37.961761,38.310913,38.097206,38.097095,0.097242,1.896405,1.913847,1.907054,1.907049,0.004856,11.584474,11.691022,11.649526,11.649491,0.029667,0.004203,0.004203,0.004203,0.004203,0.000000,"38.047745;38.310913;38.059010;38.088703;38.195202;38.018047;38.109184;38.068226;38.113281;37.961761","1.909523;1.896405;1.908957;1.907469;1.902151;1.911014;1.906444;1.908495;1.906239;1.913847","11.664601;11.584474;11.661149;11.652058;11.619569;11.673713;11.645796;11.658326;11.644544;11.691022","0.004203;0.004203;0.004203;0.004203;0.004203;0.004203;0.004203;0.004203;0.004203;0.004203"
./Dataset/bone010/bone010.mtx,CSR Vector NVDA,986703,986703,36326512,256,123338,18.124800,18.187040,18.150787,18.150780,0.018219,3.994769,4.008487,4.002751,4.002750,0.004016,24.402637,24.486439,24.451403,24.451389,0.024532,0.006481,0.006481,0.006481,0.006481,0.000000,"18.163712;18.134016;18.153473;18.124800;18.150400;18.141184;18.135040;18.187040;18.153473;18.164736","3.999900;4.006450;4.002156;4.008487;4.002833;4.004867;4.006224;3.994769;4.002156;3.999674","24.433981;24.473991;24.447762;24.486439;24.451900;24.464321;24.472610;24.402637;24.447762;24.432602","0.006481;0.006481;0.006481;0.006481;0.006481;0.006481;0.006481;0.006481;0.006481;0.006481"
./Dataset/bone010/bone010.mtx,CSR cuSparse NVDA,986703,986703,36326512,0,0,9.827328,9.851904,9.842175,9.842174,0.007148,7.374516,7.392959,7.381808,7.381807,0.005364,45.048325,45.160984,45.092873,45.092861,0.032765,0.006005,0.006005,0.006005,0.006005,0.000000,"9.844736;9.835520;9.846784;9.851904;9.827328;9.839616;9.838592;9.844736;9.843712;9.848832","7.379886;7.386800;7.378351;7.374516;7.392959;7.383726;7.384494;7.379886;7.380653;7.376816","45.081123;45.123367;45.071751;45.048325;45.160984;45.104584;45.109280;45.081123;45.085815;45.062374","0.006005;0.006005;0.006005;0.006005;0.006005;0.006005;0.006005;0.006005;0.006005;0.006005"
./Dataset/boyd2/boyd2.mtx,COO CPU,466316,466316,890091,0,0,4.269000,4.411000,4.309900,4.309690,0.044982,0.403578,0.417002,0.413085,0.413065,0.004260,3.228623,3.336017,3.304679,3.304519,0.034078,0.000000,0.000000,0.000000,0.000000,0.000000,"4.411000;4.269000;4.288000;4.281000;4.331000;4.357000;4.301000;4.306000;4.269000;4.286000","0.403578;0.417002;0.415154;0.415833;0.411033;0.408580;0.413900;0.413419;0.417002;0.415348","3.228623;3.336017;3.321235;3.326666;3.288260;3.268638;3.311196;3.307352;3.336017;3.322785",""
./Dataset/boyd2/boyd2.mtx,COO NVDA,466316,466316,890091,256,3477,0.596992,0.607232,0.601190,0.601182,0.003429,2.931634,2.981919,2.961182,2.961138,0.016829,23.453074,23.855354,23.689453,23.689108,0.134630,671.796631,2184.261719,1463.564697,1366.289307,528.422180,"0.603136;0.599040;0.607232;0.600064;0.606208;0.602112;0.599040;0.596992;0.600064;0.598016","2.951543;2.971725;2.931634;2.966654;2.936586;2.956563;2.971725;2.981919;2.966654;2.976813","23.612347;23.773800;23.453074;23.733231;23.492687;23.652504;23.773800;23.855354;23.733231;23.814507","1284.900146;1313.260010;1030.291870;2052.185547;1651.146606;2184.261719;1816.489380;1851.642456;671.796631;779.671631"
./Dataset/boyd2/boyd2.mtx,COO cuSparse,466316,466316,890091,0,0,0.499520,0.508928,0.500803,0.500796,0.002918,3.497905,3.563785,3.554761,3.554708,0.020432,27.983244,28.510283,28.438089,28.437662,0.163458,2519.123047,2778.188965,2638.468750,2637.609131,71.149063,"0.499712;0.499712;0.499712;0.499712;0.499712;0.508928;0.499520;0.501600;0.499712;0.499712","3.562416;3.562416;3.562416;3.562416;3.562416;3.497905;3.563785;3.549007;3.562416;3.562416","28.499329;28.499329;28.499329;28.499329;28.499329;27.983244;28.510283;28.392056;28.499329;28.499329","2607.603271;2778.188965;2607.603271;2663.518066;2519.123047;2607.603271;2577.405029;2663.085693;2695.741699;2664.814453"
./Dataset/boyd2/boyd2.mtx,CSR CPU,466316,466316,890091,0,0,4.187000,4.706000,4.362300,4.359264,0.173242,0.378279,0.425169,0.408646,0.408368,0.015764,3.062393,3.441992,3.308234,3.305975,0.127618,0.000000,0.000000,0.000000,0.000000,0.000000,"4.706000;4.569000;4.469000;4.405000;4.280000;4.223000;4.214000;4.234000;4.336000;4.187000","0.378279;0.389622;0.398340;0.404128;0.415930;0.421544;0.422445;0.420449;0.410559;0.425169","3.062393;3.154218;3.224797;3.271650;3.367201;3.412650;3.419938;3.403784;3.323713;3.441992",""
./Dataset/boyd2/boyd2.mtx,CSR NVDA,466316,466316,890091,256,1822,1.106848,1.127424,1.117853,1.117837,0.006307,1.578982,1.608335,1.592547,1.592524,0.008984,12.782786,13.020415,12.892604,12.892419,0.072729,0.000000,0.000000,0.000000,1.000000,0.000000,"1.125376;1.115136;1.114944;1.119232;1.124352;1.114112;1.116992;1.114112;1.127424;1.106848","1.581855;1.596381;1.596656;1.590539;1.583296;1.597848;1.593729;1.597848;1.578982;1.608335","12.806049;12.923643;12.925869;12.876347;12.817712;12.935522;12.902169;12.935522;12.782786;13.020415","0.000000;0.000000;0.000000;0.000000;0.000000;0.000000;0.000000;0.000000;0.000000;0.000000"
./Dataset/boyd2/boyd2.mtx,CSR Vector NVDA,466316,466316,890091,256,58290,5.349376,5.352448,5.351501,5.351501,0.001020,0.332592,0.332783,0.332651,0.332651,0.000063,2.692529,2.694075,2.693005,2.693005,0.000513,2638.764648,2638.764648,2638.764893,2638.764648,0.000257,"5.351424;5.352416;5.351200;5.351424;5.352448;5.350400;5.349376;5.352448;5.351424;5.352448","0.332656;0.332594;0.332670;0.332656;0.332592;0.332719;0.332783;0.332592;0.332656;0.332592","2.693044;2.692545;2.693156;2.693044;2.692529;2.693559;2.694075;2.692529;2.693044;2.692529","2638.764648;2638.764648;2638.764648;2638.764648;2638.764648;2638.764648;2638.764648;2638.764648;2638.764648;2638.764648"
./Dataset/boyd2/boyd2.mtx,CSR cuSparse NVDA,466316,466316,890091,0,0,0.492544,0.500736,0.496819,0.496814,0.002508,3.555131,3.614260,3.583241,3.583200,0.018095,28.780874,29.259558,29.008442,29.008108,0.146493,2638.764648,2814.420654,2737.303223,2736.863770,51.460461,"0.496640;0.499712;0.492544;0.496640;0.494432;0.498592;0.496640;0.500736;0.497664;0.494592","3.584451;3.562416;3.614260;3.584451;3.600459;3.570418;3.584451;3.555131;3.577076;3.599294","29.018242;28.839851;29.259558;29.018242;29.147829;28.904636;29.018242;28.780874;28.958534;29.138399","2750.283447;2663.518066;2778.603271;2750.283447;2750.283447;2750.283447;2814.420654;2751.539062;2638.764648;2725.051025"
./Dataset/eu-2005/eu-2005.mtx,COO CPU,862664,862664,19235140,0,0,95.662003,99.898003,97.210709,97.199486,1.562206,0.385096,0.402148,0.395832,0.395787,0.006289,3.080765,3.217184,3.166657,3.166295,0.050312,0.000000,0.000000,0.000000,0.000000,0.000000,"98.198997;97.327003;95.732002;96.266998;99.898003;99.667000;96.456001;96.957001;95.662003;95.942001","0.391758;0.395268;0.401854;0.399621;0.385096;0.385988;0.398838;0.396777;0.402148;0.400974","3.134067;3.162147;3.214831;3.196965;3.080765;3.087905;3.190701;3.174214;3.217184;3.207795",""
./Dataset/eu-2005/eu-2005.mtx,COO NVDA,862664,862664,19235140,256,75138,22.488064,22.579201,22.538239,22.538221,0.030898,1.703793,1.710698,1.706892,1.706891,0.002341,13.630343,13.685582,13.655138,13.655126,0.018727,0.000000,0.000000,0.000000,1.000000,0.000000,"22.542336;22.488064;22.508545;22.557695;22.579201;22.517759;22.551552;22.569984;22.506496;22.560768","1.706579;1.710698;1.709141;1.705417;1.703793;1.708442;1.705882;1.704489;1.709297;1.705185","13.652633;13.685582;13.673129;13.643337;13.630343;13.667534;13.647054;13.635908;13.674374;13.641479","0.000000;0.000000;0.000000;0.000000;0.000000;0.000000;0.000000;0.000000;0.000000;0.000000"
./Dataset/eu-2005/eu-2005.mtx,COO cuSparse,862664,862664,19235140,0,0,7.195648,7.214080,7.200871,7.200868,0.005802,5.332666,5.346326,5.342452,5.342450,0.004300,42.661327,42.770607,42.739616,42.739601,0.034398,0.000000,0.000000,0.000000,1.000000,0.000000,"7.207936;7.214080;7.197696;7.200768;7.199744;7.195648;7.200768;7.198720;7.196672;7.196672","5.337212;5.332666;5.344804;5.342525;5.343285;5.346326;5.342525;5.344045;5.345565;5.345565","42.697697;42.661327;42.758434;42.740196;42.746277;42.770607;42.740196;42.752357;42.764523;42.764523","0.000000;0.000000;0.000000;0.000000;0.000000;0.000000;0.000000;0.000000;0.000000;0.000000"
./Dataset/eu-2005/eu-2005.mtx,CSR CPU,862664,862664,19235140,0,0,72.156998,76.598000,73.138802,73.128609,1.301581,0.502236,0.533147,0.526135,0.526063,0.009051,3.103514,3.294524,3.251195,3.250752,0.055932,0.000000,0.000000,0.000000,0.000000,0.000000,"72.405998;72.285004;72.714996;73.463997;76.598000;72.832001;72.350998;73.341003;73.238998;72.156998","0.531313;0.532203;0.529056;0.523662;0.502236;0.528206;0.531717;0.524540;0.525270;0.533147","3.283195;3.288690;3.269243;3.235912;3.103514;3.263991;3.285691;3.241338;3.245852;3.294524",""
./Dataset/eu-2005/eu-2005.mtx,CSR NVDA,862664,862664,19235140,256,3370,19.119104,19.201023,19.148596,19.148571,0.032269,2.003554,2.012138,2.009044,2.009042,0.003381,12.380746,12.433793,12.414677,12.414660,0.020894,0.000000,0.000000,0.000000,1.000000,0.000000,"19.138559;19.185663;19.135489;19.201023;19.134464;19.195904;19.119104;19.121153;19.129345;19.125248","2.010093;2.005158;2.010415;2.003554;2.010523;2.004088;2.012138;2.011923;2.011061;2.011492","12.421154;12.390658;12.423147;12.380746;12.423812;12.384048;12.433793;12.432461;12.427137;12.429799","0.000000;0.000000;0.000000;0.000000;0.000000;0.000000;0.000000;0.000000;0.000000;0.000000"
./Dataset/eu-2005/eu-2005.mtx,CSR Vector NVDA,862664,862664,19235140,256,107833,12.683264,12.701696,12.694716,12.694715,0.007438,3.028751,3.033153,3.030417,3.030417,0.001776,18.715845,18.743046,18.726141,18.726139,0.010976,0.000000,0.000000,0.000000,1.000000,0.000000,"12.700672;12.683264;12.701696;12.695552;12.684128;12.699648;12.697600;12.699648;12.685312;12.699648","3.028996;3.033153;3.028751;3.030217;3.032947;3.029240;3.029728;3.029240;3.032663;3.029240","18.717356;18.743046;18.715845;18.724903;18.741768;18.718864;18.721884;18.718864;18.740019;18.718864","0.000000;0.000000;0.000000;0.000000;0.000000;0.000000;0.000000;0.000000;0.000000;0.000000"
./Dataset/eu-2005/eu-2005.mtx,CSR cuSparse NVDA,862664,862664,19235140,0,0,5.659648,5.669888,5.665383,5.665381,0.003683,6.785016,6.797292,6.790414,6.790413,0.004414,41.927280,42.003139,41.960640,41.960632,0.027278,0.000000,0.000000,0.000000,1.000000,0.000000,"5.666816;5.664768;5.669888;5.663744;5.666816;5.660672;5.662720;5.659648;5.669888;5.668864","6.788694;6.791148;6.785016;6.792376;6.788694;6.796062;6.793604;6.797292;6.785016;6.786242","41.950008;41.965176;41.927280;41.972763;41.950008;41.995541;41.980350;42.003139;41.927280;41.934856","0.000000;0.000000;0.000000;0.000000;0.000000;0.000000;0.000000;0.000000;0.000000;0.000000"
./Dataset/FullChip/FullChip.mtx,COO CPU,2987012,2987012,26621990,0,0,147.169006,153.813995,149.092087,149.081223,1.909407,0.346158,0.361788,0.357173,0.357147,0.004492,2.769266,2.894304,2.857386,2.857180,0.035938,0.000000,0.000000,0.000000,0.000000,0.000000,"149.501999;149.949005;147.565994;149.516998;148.957001;147.169006;148.791000;148.052994;147.602997;153.813995","0.356142;0.355081;0.360815;0.356107;0.357445;0.361788;0.357844;0.359628;0.360724;0.346158","2.849138;2.840645;2.886518;2.848852;2.859562;2.894304;2.862753;2.877023;2.885794;2.769266",""
./Dataset/FullChip/FullChip.mtx,COO NVDA,2987012,2987012,26621990,256,103993,26.492928,26.544128,26.523441,26.523438,0.019083,2.005867,2.009743,2.007432,2.007432,0.001445,16.046932,16.077946,16.059454,16.059452,0.011558,0.000002,0.000007,0.000004,0.000004,0.000001,"26.541056;26.503168;26.540031;26.529793;26.529793;26.501120;26.544128;26.492928;26.539007;26.513409","2.006099;2.008967;2.006176;2.006951;2.006951;2.009122;2.005867;2.009743;2.006254;2.008191","16.048790;16.071733;16.049410;16.055605;16.055605;16.072975;16.046932;16.077946;16.050030;16.065525","0.000004;0.000005;0.000002;0.000005;0.000005;0.000004;0.000003;0.000005;0.000005;0.000007"
./Dataset/FullChip/FullChip.mtx,COO cuSparse,2987012,2987012,26621990,0,0,11.636736,11.646976,11.643597,11.643597,0.003055,4.571485,4.575508,4.572812,4.572812,0.001200,36.571880,36.604065,36.582497,36.582497,0.009601,0.001091,0.001092,0.001092,0.001092,0.000000,"11.645952;11.644928;11.643904;11.641856;11.636736;11.644928;11.646976;11.645952;11.643904;11.640832","4.571887;4.572289;4.572691;4.573496;4.575508;4.572289;4.571485;4.571887;4.572691;4.573898","36.575096;36.578316;36.581532;36.587967;36.604065;36.578316;36.571880;36.575096;36.581532;36.591183","0.001091;0.001092;0.001091;0.001092;0.001092;0.001092;0.001092;0.001092;0.001092;0.001092"
./Dataset/FullChip/FullChip.mtx,CSR CPU,2987012,2987012,26621990,0,0,117.125999,138.755997,122.350807,122.212738,6.307620,0.383724,0.454587,0.436131,0.435666,0.020642,2.474560,2.931544,2.812525,2.809527,0.133114,0.000000,0.000000,0.000000,0.000000,0.000000,"122.733002;125.456001;117.125999;118.809998;120.888000;138.755997;122.259003;117.251999;119.349998;120.877998","0.433820;0.424404;0.454587;0.448144;0.440441;0.383724;0.435501;0.454099;0.446116;0.440477","2.797617;2.736896;2.931544;2.889992;2.840315;2.474560;2.808464;2.928393;2.876916;2.840550",""
./Dataset/FullChip/FullChip.mtx,CSR NVDA,2987012,2987012,26621990,256,11669,178.225159,180.228088,179.206329,179.204407,0.874727,0.295426,0.298746,0.297116,0.297113,0.001449,1.905141,1.926552,1.916045,1.916024,0.009343,0.000000,0.000000,0.000000,0.000000,0.000000,"178.225159;180.228088;178.254883;178.756607;180.158463;180.169724;178.850815;178.836487;178.380539;180.202499","0.298746;0.295426;0.298696;0.297857;0.295540;0.295521;0.297701;0.297724;0.298485;0.295467","1.926552;1.905141;1.926230;1.920824;1.905877;1.905758;1.919812;1.919966;1.924873;1.905412","0.000000;0.000000;0.000000;0.000000;0.000000;0.000000;0.000000;0.000000;0.000000;0.000000"
./Dataset/FullChip/FullChip.mtx,CSR Vector NVDA,2987012,2987012,26621990,256,373377,36.738049,36.770592,36.753078,36.753078,0.009718,1.448004,1.449287,1.448695,1.448694,0.000383,9.337896,9.346168,9.342347,9.342346,0.002470,0.000996,0.000996,0.000996,0.000996,0.000000,"36.763649;36.750336;36.746239;36.762623;36.749313;36.748287;36.770592;36.738049;36.748287;36.753407","1.448278;1.448802;1.448964;1.448318;1.448843;1.448883;1.448004;1.449287;1.448883;1.448681","9.339660;9.343043;9.344085;9.339920;9.343303;9.343564;9.337896;9.346168;9.343564;9.342262","0.000996;0.000996;0.000996;0.000996;0.000996;0.000996;0.000996;0.000996;0.000996;0.000996"
./Dataset/FullChip/FullChip.mtx,CSR cuSparse NVDA,2987012,2987012,26621990,0,0,9.610240,9.639936,9.621805,9.621800,0.010131,5.523271,5.540338,5.533685,5.533682,0.005822,35.618488,35.728554,35.685646,35.685627,0.037545,0.001093,0.001093,0.001093,0.001093,0.000000,"9.617408;9.636864;9.614336;9.639936;9.624576;9.617408;9.615296;9.610240;9.614336;9.627648","5.536209;5.525032;5.537978;5.523271;5.532086;5.536209;5.537425;5.540338;5.537978;5.530321","35.701923;35.629845;35.713333;35.618488;35.675335;35.701923;35.709763;35.728554;35.713333;35.663948","0.001093;0.001093;0.001093;0.001093;0.001093;0.001093;0.001093;0.001093;0.001093;0.001093"
./Dataset/Ga41As41H72/Ga41As41H72.mtx,COO CPU,268096,268096,9378286,0,0,48.729000,64.553001,53.047497,52.795364,5.613126,0.290561,0.384916,0.356871,0.355269,0.034649,2.324486,3.079328,2.854969,2.842154,0.277194,0.000000,0.000000,0.000000,0.000000,0.000000,"48.752998;48.729000;48.983002;48.973000;48.751999;53.591000;51.380001;64.553001;57.248001;59.513000","0.384727;0.384916;0.382920;0.382998;0.384734;0.349995;0.365056;0.290561;0.327637;0.315168","3.077812;3.079328;3.063360;3.063986;3.077875;2.799958;2.920447;2.324486;2.621097;2.521341",""
./Dataset/Ga41As41H72/Ga41As41H72.mtx,COO NVDA,268096,268096,9378286,256,36634,12.400640,12.790784,12.621723,12.620825,0.158414,1.466413,1.512549,1.486266,1.486161,0.018726,11.731304,12.100390,11.890132,11.889284,0.149809,0.000035,0.000037,0.000036,0.000036,0.000000,"12.790784;12.780544;12.765184;12.735488;12.730368;12.578816;12.574720;12.446720;12.413952;12.400640","1.466413;1.467588;1.469354;1.472780;1.473372;1.491124;1.491609;1.506949;1.510927;1.512549","11.731304;11.740703;11.754830;11.782240;11.786979;11.928990;11.932876;12.055592;12.087414;12.100390","0.000036;0.000037;0.000036;0.000035;0.000036;0.000036;0.000036;0.000036;0.000036;0.000036"
./Dataset/Ga41As41H72/Ga41As41H72.mtx,COO cuSparse,268096,268096,9378286,0,0,3.400704,3.411904,3.403430,3.403429,0.003205,5.497392,5.515497,5.511083,5.511081,0.005180,43.979134,44.123978,44.088661,44.088646,0.041442,0.000026,0.000026,0.000026,0.000026,0.000000,"3.402752;3.401568;3.401568;3.404800;3.403776;3.401728;3.402752;3.402752;3.400704;3.411904","5.512177;5.514096;5.514096;5.508862;5.510519;5.513836;5.512177;5.512177;5.515497;5.497392","44.097420;44.112766;44.112766;44.070892;44.084152;44.110691;44.097420;44.097420;44.123978;43.979134","0.000026;0.000026;0.000026;0.000026;0.000026;0.000026;0.000026;0.000026;0.000026;0.000026"
./Dataset/Ga41As41H72/Ga41As41H72.mtx,CSR CPU,268096,268096,9378286,0,0,36.141998,37.929001,36.823902,36.819454,0.604329,0.494518,0.518969,0.509481,0.509420,0.008311,3.023655,3.173156,3.115146,3.114772,0.050819,0.000000,0.000000,0.000000,0.000000,0.000000,"37.196999;37.275002;37.323002;36.554001;36.162998;36.141998;36.979000;36.293999;37.929001;36.382999","0.504250;0.503194;0.502547;0.513120;0.518668;0.518969;0.507222;0.516795;0.494518;0.515531","3.083157;3.076705;3.072748;3.137391;3.171314;3.173156;3.101333;3.159867;3.023655;3.152137",""
./Dataset/Ga41As41H72/Ga41As41H72.mtx,CSR NVDA,268096,268096,9378286,256,1048,8.438784,8.506368,8.470324,8.470302,0.020215,2.205004,2.222663,2.214398,2.214392,0.005286,13.482159,13.590134,13.539599,13.539565,0.032319,0.000013,0.000013,0.000013,0.000013,0.000000,"8.482816;8.472576;8.470528;8.462336;8.438784;8.440832;8.473600;8.506368;8.468480;8.486912","2.211126;2.213798;2.214333;2.216477;2.222663;2.222123;2.213531;2.205004;2.214869;2.210058","13.519591;13.535930;13.539204;13.552311;13.590134;13.586836;13.534294;13.482159;13.542477;13.513066","0.000013;0.000013;0.000013;0.000013;0.000013;0.000013;0.000013;0.000013;0.000013;0.000013"
./Dataset/Ga41As41H72/Ga41As41H72.mtx,CSR Vector NVDA,268096,268096,9378286,256,33512,4.377600,4.414464,4.386508,4.386492,0.012708,4.248890,4.284670,4.276000,4.275984,0.012338,25.979191,26.197962,26.144953,26.144854,0.075435,0.000026,0.000026,0.000026,0.000026,0.000000,"4.377600;4.383744;4.379648;4.378624;4.405248;4.379648;4.383744;4.414464;4.383744;4.378624","4.284670;4.278665;4.282667;4.283668;4.257779;4.282667;4.278665;4.248890;4.278665;4.283668","26.197962;26.161245;26.185711;26.191835;26.033541;26.185711;26.161245;25.979191;26.161245;26.191835","0.000026;0.000026;0.000026;0.000026;0.000026;0.000026;0.000026;0.000026;0.000026;0.000026"
./Dataset/Ga41As41H72/Ga41As41H72.mtx,CSR cuSparse NVDA,268096,268096,9378286,0,0,2.618368,2.626560,2.622358,2.622358,0.002181,7.141117,7.163459,7.152564,7.152561,0.005949,43.663273,43.799881,43.733257,43.733242,0.036373,0.000026,0.000026,0.000026,0.000026,0.000000,"2.622464;2.623488;2.622464;2.623488;2.620416;2.621440;2.618368;2.626560;2.623456;2.621440","7.152270;7.149479;7.152270;7.149479;7.157860;7.155065;7.163459;7.141117;7.149566;7.155065","43.731468;43.714401;43.731468;43.714401;43.765648;43.748550;43.799881;43.663273;43.714931;43.748550","0.000026;0.000026;0.000026;0.000026;0.000026;0.000026;0.000026;0.000026;0.000026;0.000026"
./Dataset/ldoor/ldoor.mtx,COO CPU,952203,952203,23737340,0,0,129.895996,159.983002,137.131012,136.847626,9.596188,0.296748,0.365482,0.347591,0.346916,0.022126,2.373986,2.923858,2.780726,2.775331,0.177007,0.000000,0.000000,0.000000,0.000000,0.000000,"135.100998;134.438004;130.511002;129.895996;130.136993;131.574997;159.983002;147.669006;137.677994;134.322006","0.351401;0.353134;0.363760;0.365482;0.364805;0.360818;0.296748;0.321494;0.344824;0.353439","2.811211;2.825075;2.910080;2.923858;2.918443;2.886547;2.373986;2.571951;2.758592;2.827515",""
./Dataset/ldoor/ldoor.mtx,COO NVDA,952203,952203,23737340,256,92724,26.228737,26.473473,26.301733,26.301611,0.084999,1.793293,1.810025,1.805019,1.805010,0.005813,14.346340,14.480203,14.440150,14.440083,0.046503,1.587323,1.636398,1.612474,1.612407,0.015486,"26.430464;26.473473;26.320896;26.281984;26.282881;26.237951;26.242048;26.285055;26.228737;26.233856","1.796211;1.793293;1.803688;1.806358;1.806297;1.809390;1.809107;1.806147;1.810025;1.809672","14.369685;14.346340;14.429503;14.450866;14.450373;14.475118;14.472858;14.449178;14.480203;14.477378","1.599025;1.620424;1.613563;1.587323;1.594417;1.604950;1.622251;1.622881;1.636398;1.623505"
./Dataset/ldoor/ldoor.mtx,COO cuSparse,952203,952203,23737340,0,0,8.628224,8.636416,8.632592,8.632591,0.002736,5.497035,5.502254,5.499471,5.499470,0.001743,43.976276,44.018032,43.995766,43.995762,0.013942,1.356978,1.356978,1.356978,1.356978,0.000000,"8.632320;8.631296;8.628224;8.629248;8.636416;8.634208;8.631296;8.632320;8.636224;8.634368","5.499643;5.500296;5.502254;5.501602;5.497035;5.498441;5.500296;5.499643;5.497157;5.498339","43.997143;44.002365;44.018032;44.012814;43.976276;43.987530;44.002365;43.997143;43.977257;43.986713","1.356978;1.356978;1.356978;1.356978;1.356978;1.356978;1.356978;1.356978;1.356978;1.356978"
./Dataset/ldoor/ldoor.mtx,CSR CPU,952203,952203,23737340,0,0,91.858002,94.179001,92.465607,92.462418,0.812216,0.504090,0.516827,0.513466,0.513448,0.004459,3.105424,3.183889,3.163185,3.163077,0.027471,0.000000,0.000000,0.000000,0.000000,0.000000,"91.938004;93.720001;92.016998;92.253998;92.065002;94.179001;92.529999;91.858002;91.946999;92.148003","0.516377;0.506559;0.515934;0.514608;0.515665;0.504090;0.513073;0.516827;0.516327;0.515200","3.181119;3.120633;3.178388;3.170223;3.176730;3.105424;3.160766;3.183889;3.180808;3.173869",""
./Dataset/ldoor/ldoor.mtx,CSR NVDA,952203,952203,23737340,256,3720,23.140352,23.276545,23.207834,23.207792,0.046390,2.039593,2.051597,2.045639,2.045635,0.004090,12.564824,12.638775,12.602070,12.602047,0.025197,0.815287,0.815287,0.815287,0.815287,0.000000,"23.186432;23.150593;23.140352;23.243776;23.276545;23.246847;23.244801;23.162880;23.205889;23.220224","2.047520;2.050690;2.051597;2.042469;2.039593;2.042199;2.042378;2.049602;2.045803;2.044540","12.613657;12.633184;12.638775;12.582538;12.564824;12.580876;12.581983;12.626482;12.603081;12.595300","0.815287;0.815287;0.815287;0.815287;0.815287;0.815287;0.815287;0.815287;0.815287;0.815287"
./Dataset/ldoor/ldoor.mtx,CSR Vector NVDA,952203,952203,23737340,256,119026,14.223360,14.251008,14.236954,14.236950,0.010586,3.331321,3.337796,3.334611,3.334610,0.002479,20.522455,20.562349,20.542725,20.542721,0.015274,1.404509,1.404509,1.404509,1.404509,0.000000,"14.251008;14.249984;14.242816;14.228480;14.229504;14.223360;14.230528;14.242816;14.225152;14.245888","3.331321;3.331560;3.333237;3.336595;3.336355;3.337796;3.336115;3.333237;3.337376;3.332518","20.522455;20.523932;20.534260;20.554951;20.553473;20.562349;20.551992;20.534260;20.559757;20.529833","1.404509;1.404509;1.404509;1.404509;1.404509;1.404509;1.404509;1.404509;1.404509;1.404509"
./Dataset/ldoor/ldoor.mtx,CSR cuSparse NVDA,952203,952203,23737340,0,0,6.748160,6.769664,6.756864,6.756861,0.006481,7.012856,7.035204,7.026147,7.026144,0.006736,43.202396,43.340069,43.284271,43.284252,0.041499,1.356978,1.356978,1.356978,1.356978,0.000000,"6.769664;6.748160;6.762496;6.757376;6.757376;6.751232;6.760448;6.757376;6.755328;6.749184","7.012856;7.035204;7.020289;7.025609;7.025609;7.032002;7.022417;7.025609;7.027739;7.034136","43.202396;43.340069;43.248188;43.280956;43.280956;43.320343;43.261288;43.280956;43.294075;43.333488","1.356978;1.356978;1.356978;1.356978;1.356978;1.356978;1.356978;1.356978;1.356978;1.356978"
./Dataset/rajat31/rajat31.mtx,COO CPU,4690002,4690002,20316252,0,0,111.592003,115.339996,112.928101,112.924309,0.979031,0.352285,0.364117,0.359833,0.359821,0.003083,2.818277,2.912933,2.878661,2.878566,0.024665,0.000000,0.000000,0.000000,0.000000,0.000000,"112.516998;113.593002;112.773003;112.765999;112.679001;112.861000;111.592003;112.416000;112.744003;115.339996","0.361123;0.357703;0.360303;0.360326;0.360604;0.360023;0.364117;0.361448;0.360396;0.352285","2.888986;2.861620;2.882428;2.882607;2.884832;2.880180;2.912933;2.891582;2.883169;2.818277",""
./Dataset/rajat31/rajat31.mtx,COO NVDA,4690002,4690002,20316252,256,79361,13.005824,13.074432,13.038899,13.038886,0.019429,3.107784,3.124177,3.116259,3.116256,0.004643,24.862268,24.993420,24.930073,24.930046,0.037145,0.000001,0.000001,0.000001,0.000001,0.000000,"13.045760;13.023232;13.005824;13.052928;13.050880;13.045760;13.032448;13.074432;13.036544;13.021184","3.114614;3.120002;3.124177;3.112904;3.113392;3.114614;3.117795;3.107784;3.116816;3.120492","24.916910;24.960012;24.993420;24.903229;24.907133;24.916910;24.942362;24.862268;24.934526;24.963938","0.000001;0.000001;0.000001;0.000001;0.000001;0.000001;0.000001;0.000001;0.000001;0.000001"
./Dataset/rajat31/rajat31.mtx,COO cuSparse,4690002,4690002,20316252,0,0,8.924960,8.940352,8.929840,8.929839,0.004280,4.544844,4.552682,4.550195,4.550195,0.002179,36.358749,36.421455,36.401558,36.401558,0.017436,0.000002,0.000002,0.000002,0.000002,0.000000,"8.927104;8.931328;8.928256;8.930304;8.940352;8.926208;8.928256;8.930304;8.931328;8.924960","4.551589;4.549436;4.551001;4.549958;4.544844;4.552045;4.551001;4.549958;4.549436;4.552682","36.412708;36.395489;36.408009;36.399666;36.358749;36.416363;36.408009;36.399666;36.395489;36.421455","0.000002;0.000002;0.000002;0.000002;0.000002;0.000002;0.000002;0.000002;0.000002;0.000002"
./Dataset/rajat31/rajat31.mtx,CSR CPU,4690002,4690002,20316252,0,0,89.975998,93.088997,91.396599,91.392418,0.923254,0.436491,0.451593,0.444614,0.444594,0.004466,3.022001,3.126556,3.078241,3.078100,0.030920,0.000000,0.000000,0.000000,0.000000,0.000000,"92.750000;91.222000;91.396004;91.724998;90.985001;93.088997;89.975998;90.958000;91.047997;90.817001","0.438086;0.445424;0.444576;0.442982;0.446585;0.436491;0.451593;0.446717;0.446276;0.447411","3.033046;3.083851;3.077980;3.066940;3.091884;3.022001;3.126556;3.092802;3.089745;3.097603",""
./Dataset/rajat31/rajat31.mtx,CSR NVDA,4690002,4690002,20316252,256,18321,8.739840,8.890368,8.830156,8.830079,0.039076,4.570396,4.649114,4.601643,4.601602,0.020448,31.642675,32.187668,31.859005,31.858723,0.141573,0.000002,0.000002,0.000002,0.000002,0.000000,"8.848384;8.840192;8.825856;8.813568;8.842240;8.739840;8.858624;8.813568;8.890368;8.828928","4.592082;4.596337;4.603803;4.610222;4.595273;4.649114;4.586773;4.610222;4.570396;4.602201","31.792816;31.822277;31.873966;31.918406;31.814905;32.187668;31.756063;31.918406;31.642675;31.862877","0.000002;0.000002;0.000002;0.000002;0.000002;0.000002;0.000002;0.000002;0.000002;0.000002"
./Dataset/rajat31/rajat31.mtx,CSR Vector NVDA,4690002,4690002,20316252,256,586251,54.285313,54.303616,54.295422,54.295422,0.005126,0.748247,0.748499,0.748360,0.748360,0.000071,5.180411,5.182158,5.181193,5.181193,0.000489,0.000002,0.000002,0.000002,0.000002,0.000000,"54.296577;54.293503;54.285313;54.293343;54.298622;54.303616;54.295551;54.299648;54.297600;54.290432","0.748344;0.748386;0.748499;0.748388;0.748316;0.748247;0.748358;0.748301;0.748330;0.748428","5.181083;5.181376;5.182158;5.181391;5.180888;5.180411;5.181180;5.180789;5.180985;5.181669","0.000002;0.000002;0.000002;0.000002;0.000002;0.000002;0.000002;0.000002;0.000002;0.000002"
./Dataset/rajat31/rajat31.mtx,CSR cuSparse NVDA,4690002,4690002,20316252,0,0,7.832576,7.845888,7.837491,7.837490,0.004965,5.178828,5.187630,5.184379,5.184377,0.003283,35.855091,35.916031,35.893517,35.893513,0.022728,0.000002,0.000002,0.000002,0.000002,0.000000,"7.837696;7.834624;7.839744;7.833600;7.845888;7.836672;7.832576;7.835648;7.845888;7.832576","5.184241;5.186274;5.182887;5.186952;5.178828;5.184918;5.187630;5.185596;5.178828;5.187630","35.892567;35.906643;35.883190;35.911335;35.855091;35.897259;35.916031;35.901947;35.855091;35.916031","0.000002;0.000002;0.000002;0.000002;0.000002;0.000002;0.000002;0.000002;0.000002;0.000002"
./Dataset/Rucci1/Rucci1.mtx,COO CPU,1977885,109900,7791168,0,0,41.030998,41.973000,41.429897,41.429146,0.263998,0.371247,0.379770,0.376127,0.376120,0.002387,2.969973,3.038159,3.009016,3.008961,0.019094,0.000000,0.000000,0.000000,0.000000,0.000000,"41.377998;41.735001;41.205002;41.030998;41.403000;41.316002;41.973000;41.328999;41.480999;41.448002","0.376585;0.373364;0.378166;0.379770;0.376358;0.377150;0.371247;0.377032;0.375650;0.375949","3.012681;2.986910;3.025329;3.038159;3.010861;3.017201;2.969973;3.016252;3.005200;3.007592",""
./Dataset/Rucci1/Rucci1.mtx,COO NVDA,1977885,109900,7791168,256,30435,5.371904,5.459968,5.432832,5.432783,0.024233,2.853924,2.900710,2.868231,2.868205,0.012883,22.831394,23.205681,22.945850,22.945641,0.103061,0.000000,0.000000,0.000000,0.000000,0.000000,"5.452800;5.439488;5.425152;5.430272;5.443584;5.459968;5.424128;5.443584;5.437440;5.371904","2.857676;2.864670;2.872240;2.869531;2.862514;2.853924;2.872782;2.862514;2.865749;2.900710","22.861410;22.917358;22.977917;22.956249;22.900114;22.831394;22.982254;22.900114;22.925989;23.205681","0.000000;0.000000;0.000000;0.000000;0.000000;0.000000;0.000000;0.000000;0.000000;0.000000"
./Dataset/Rucci1/Rucci1.mtx,COO cuSparse,1977885,109900,7791168,0,0,3.200000,3.203072,3.201331,3.201331,0.001187,4.864810,4.869480,4.867456,4.867455,0.001805,38.918476,38.955841,38.939648,38.939644,0.014442,0.000000,0.000000,0.000000,0.000000,0.000000,"3.200000;3.203072;3.200000;3.200000;3.202048;3.202048;3.201024;3.201024;3.203072;3.201024","4.869480;4.864810;4.869480;4.869480;4.866365;4.866365;4.867922;4.867922;4.864810;4.867922","38.955841;38.918476;38.955841;38.955841;38.930923;38.930923;38.943375;38.943375;38.918476;38.943375","0.000000;0.000000;0.000000;0.000000;0.000000;0.000000;0.000000;0.000000;0.000000;0.000000"
./Dataset/Rucci1/Rucci1.mtx,CSR CPU,1977885,109900,7791168,0,0,34.041000,34.695999,34.276100,34.275330,0.242683,0.449110,0.457752,0.454633,0.454623,0.003202,3.150712,3.211336,3.189452,3.189381,0.022462,0.000000,0.000000,0.000000,0.000000,0.000000,"34.043999;34.095001;34.041000;34.101002;34.202000;34.395000;34.695999;34.324001;34.195999;34.667000","0.457712;0.457027;0.457752;0.456947;0.455597;0.453041;0.449110;0.453978;0.455677;0.449486","3.211053;3.206250;3.211336;3.205686;3.196219;3.178284;3.150712;3.184859;3.196780;3.153347",""
./Dataset/Rucci1/Rucci1.mtx,CSR NVDA,1977885,109900,7791168,256,7727,3.286016,3.318784,3.301069,3.301052,0.011008,4.695195,4.742014,4.720439,4.720415,0.015735,32.938900,33.267365,33.115997,33.115833,0.110389,0.000000,0.000000,0.000000,0.000000,0.000000,"3.312640;3.286016;3.318784;3.305472;3.308544;3.307520;3.295232;3.289088;3.291136;3.296256","4.703903;4.742014;4.695195;4.714104;4.709726;4.711185;4.728752;4.737586;4.734638;4.727283","32.999992;33.267365;32.938900;33.071556;33.040848;33.051079;33.174324;33.236294;33.215611;33.164017","0.000000;0.000000;0.000000;0.000000;0.000000;0.000000;0.000000;0.000000;0.000000;0.000000"
./Dataset/Rucci1/Rucci1.mtx,CSR Vector NVDA,1977885,109900,7791168,256,247236,22.679552,22.705153,22.692966,22.692965,0.007790,0.686291,0.687065,0.686659,0.686659,0.000236,4.814639,4.820073,4.817224,4.817224,0.001654,0.000000,0.000000,0.000000,0.000000,0.000000,"22.679552;22.690817;22.691839;22.699009;22.705153;22.701056;22.690817;22.685696;22.687744;22.697985","0.687065;0.686724;0.686693;0.686477;0.686291;0.686415;0.686724;0.686879;0.686817;0.686507","4.820073;4.817680;4.817463;4.815941;4.814639;4.815507;4.817680;4.818768;4.818333;4.816158","0.000000;0.000000;0.000000;0.000000;0.000000;0.000000;0.000000;0.000000;0.000000;0.000000"
./Dataset/Rucci1/Rucci1.mtx,CSR cuSparse NVDA,1977885,109900,7791168,0,0,2.878464,2.890752,2.884813,2.884810,0.004062,5.390409,5.413421,5.401516,5.401512,0.007605,37.816143,37.977581,37.894066,37.894035,0.053353,0.000000,0.000000,0.000000,0.000000,0.000000,"2.883584;2.888704;2.880512;2.878464;2.885632;2.883584;2.885632;2.889728;2.890752;2.881536","5.403809;5.394230;5.409572;5.413421;5.399973;5.403809;5.399973;5.392319;5.390409;5.407649","37.910149;37.842957;37.950581;37.977581;37.883240;37.910149;37.883240;37.829544;37.816143;37.937092","0.000000;0.000000;0.000000;0.000000;0.000000;0.000000;0.000000;0.000000;0.000000;0.000000"
./Dataset/Si41Ge41H72/Si41Ge41H72.mtx,COO CPU,185639,185639,7598452,0,0,39.473000,40.896999,39.901798,39.899021,0.498630,0.371590,0.384995,0.380910,0.380884,0.004698,2.972718,3.079959,3.047283,3.047073,0.037588,0.000000,0.000000,0.000000,0.000000,0.000000,"39.998001;39.698002;39.777000;40.896999;40.662998;39.473000;39.919998;39.528000;39.487000;39.577000","0.379942;0.382813;0.382053;0.371590;0.373728;0.384995;0.380684;0.384459;0.384858;0.383983","3.039533;3.062502;3.056420;2.972718;2.989825;3.079959;3.045472;3.075674;3.078867;3.071866",""
./Dataset/Si41Ge41H72/Si41Ge41H72.mtx,COO NVDA,185639,185639,7598452,256,29682,10.388480,10.451968,10.428927,10.428909,0.020702,1.453975,1.462861,1.457193,1.457190,0.002896,11.631803,11.702889,11.657541,11.657521,0.023170,0.000009,0.000009,0.000009,0.000009,0.000000,"10.407936;10.412032;10.433536;10.388480;10.447872;10.451968;10.430464;10.427392;10.438656;10.450944","1.460127;1.459552;1.456544;1.462861;1.454545;1.453975;1.456973;1.457402;1.455830;1.454118","11.681013;11.676417;11.652352;11.702889;11.636363;11.631803;11.655784;11.659218;11.646637;11.632943","0.000009;0.000009;0.000009;0.000009;0.000009;0.000009;0.000009;0.000009;0.000009;0.000009"
./Dataset/Si41Ge41H72/Si41Ge41H72.mtx,COO cuSparse,185639,185639,7598452,0,0,2.711552,2.715648,2.713395,2.713395,0.001348,5.596051,5.604504,5.600698,5.600698,0.002782,44.768410,44.836033,44.805588,44.805580,0.022256,0.000007,0.000007,0.000007,0.000007,0.000000,"2.712576;2.712576;2.714624;2.714624;2.712576;2.712576;2.712576;2.711552;2.714624;2.715648","5.602388;5.602388;5.598162;5.598162;5.602388;5.602388;5.602388;5.604504;5.598162;5.596051","44.819107;44.819107;44.785297;44.785297;44.819107;44.819107;44.819107;44.836033;44.785297;44.768410","0.000007;0.000007;0.000007;0.000007;0.000007;0.000007;0.000007;0.000007;0.000007;0.000007"
./Dataset/Si41Ge41H72/Si41Ge41H72.mtx,CSR CPU,185639,185639,7598452,0,0,27.208000,36.050999,28.782501,28.688667,2.610678,0.421539,0.558545,0.531246,0.529718,0.039937,2.570429,3.405856,3.239393,3.230074,0.243527,0.000000,0.000000,0.000000,0.000000,0.000000,"27.208000;27.224001;27.773001;28.344000;29.101000;28.110001;36.050999;28.117001;27.912001;27.985001","0.558545;0.558217;0.547183;0.536160;0.522212;0.540623;0.421539;0.540488;0.544458;0.543037","3.405856;3.403855;3.336569;3.269353;3.184308;3.296568;2.570429;3.295748;3.319953;3.311293",""
./Dataset/Si41Ge41H72/Si41Ge41H72.mtx,CSR NVDA,185639,185639,7598452,256,726,7.242752,7.341024,7.283607,7.283537,0.033429,2.070134,2.098222,2.086493,2.086473,0.009550,12.623108,12.794382,12.722857,12.722737,0.058235,0.000004,0.000004,0.000004,0.000004,0.000000,"7.321600;7.324672;7.279616;7.341024;7.255040;7.242752;7.271424;7.262208;7.262208;7.275520","2.075626;2.074755;2.087597;2.070134;2.094668;2.098222;2.089949;2.092601;2.092601;2.088772","12.656596;12.651288;12.729591;12.623108;12.772712;12.794382;12.743933;12.760105;12.760105;12.736758","0.000004;0.000004;0.000004;0.000004;0.000004;0.000004;0.000004;0.000004;0.000004;0.000004"
./Dataset/Si41Ge41H72/Si41Ge41H72.mtx,CSR Vector NVDA,185639,185639,7598452,256,23205,3.276800,3.305472,3.287347,3.287334,0.009679,4.597499,4.637727,4.622884,4.622865,0.013577,28.034285,28.279585,28.189068,28.188959,0.082792,0.000007,0.000007,0.000007,0.000007,0.000000,"3.302400;3.288064;3.283968;3.277824;3.290112;3.276800;3.282944;3.280896;3.305472;3.284992","4.601776;4.621840;4.627604;4.636279;4.618962;4.637727;4.629047;4.631937;4.597499;4.626162","28.060360;28.182705;28.217855;28.270748;28.165161;28.279585;28.226658;28.244278;28.034285;28.209061","0.000007;0.000007;0.000007;0.000007;0.000007;0.000007;0.000007;0.000007;0.000007;0.000007"
./Dataset/Si41Ge41H72/Si41Ge41H72.mtx,CSR cuSparse NVDA,185639,185639,7598452,0,0,2.059264,2.070528,2.064794,2.064791,0.003554,7.339627,7.379775,7.360031,7.360021,0.012666,44.755028,44.999836,44.879436,44.879383,0.077234,0.000007,0.000007,0.000007,0.000007,0.000000,"2.069504;2.065408;2.060288;2.059264;2.065408;2.070528;2.064384;2.066432;2.063360;2.063360","7.343259;7.357822;7.376107;7.379775;7.357822;7.339627;7.361472;7.354176;7.365125;7.365125","44.777172;44.865971;44.977467;44.999836;44.865971;44.755028;44.888229;44.843739;44.910503;44.910503","0.000007;0.000007;0.000007;0.000007;0.000007;0.000007;0.000007;0.000007;0.000007;0.000007"
./Dataset/webbase-1M/webbase-1M.mtx,COO CPU,1000005,1000005,3105536,0,0,17.153000,17.700001,17.499100,17.497709,0.231735,0.350908,0.362098,0.354993,0.354965,0.004747,2.807264,2.896786,2.839946,2.839719,0.037976,0.000000,0.000000,0.000000,0.000000,0.000000,"17.162001;17.194000;17.153000;17.549000;17.700001;17.605000;17.691000;17.669001;17.652000;17.615999","0.361908;0.361235;0.362098;0.353927;0.350908;0.352802;0.351087;0.351524;0.351862;0.352581","2.895267;2.889879;2.896786;2.831419;2.807264;2.822413;2.808692;2.812190;2.814898;2.820651",""
./Dataset/webbase-1M/webbase-1M.mtx,COO NVDA,1000005,1000005,3105536,256,12131,2.569216,2.590720,2.582035,2.582027,0.006938,2.397431,2.417497,2.405510,2.405503,0.006471,19.179447,19.339975,19.244081,19.244020,0.051771,0.000002,0.000004,0.000003,0.000003,0.000000,"2.588672;2.587648;2.584576;2.569216;2.577408;2.590720;2.587648;2.580480;2.575360;2.578624","2.399328;2.400277;2.403130;2.417497;2.409813;2.397431;2.400277;2.406944;2.411730;2.408677","19.194620;19.202215;19.225040;19.339975;19.278505;19.179447;19.202215;19.255554;19.293837;19.269415","0.000003;0.000003;0.000003;0.000004;0.000003;0.000003;0.000003;0.000002;0.000003;0.000003"
./Dataset/webbase-1M/webbase-1M.mtx,COO cuSparse,1000005,1000005,3105536,0,0,1.519616,1.524736,1.521766,1.521765,0.002016,4.073539,4.087264,4.081495,4.081491,0.005408,32.588314,32.698112,32.651958,32.651932,0.043264,0.000009,0.000009,0.000009,0.000009,0.000000,"1.519616;1.521664;1.523712;1.522688;1.524736;1.522688;1.519616;1.519616;1.523712;1.519616","4.087264;4.081763;4.076277;4.079018;4.073539;4.079018;4.087264;4.087264;4.076277;4.087264","32.698112;32.654102;32.610214;32.632145;32.588314;32.632145;32.698112;32.698112;32.610214;32.698112","0.000009;0.000009;0.000009;0.000009;0.000009;0.000009;0.000009;0.000009;0.000009;0.000009"
./Dataset/webbase-1M/webbase-1M.mtx,CSR CPU,1000005,1000005,3105536,0,0,15.642000,16.629000,16.166300,16.162096,0.388031,0.373508,0.397077,0.384399,0.384299,0.009269,2.722141,2.893905,2.801511,2.800780,0.067553,0.000000,0.000000,0.000000,0.000000,0.000000,"16.198000;16.129000;16.629000;16.559999;16.504000;16.549999;16.049999;15.642000;15.702000;15.699000","0.383447;0.385087;0.373508;0.375065;0.376337;0.375291;0.386983;0.397077;0.395559;0.395635","2.794572;2.806527;2.722141;2.733483;2.742758;2.735135;2.820341;2.893905;2.882848;2.883398",""
./Dataset/webbase-1M/webbase-1M.mtx,CSR NVDA,1000005,1000005,3105536,256,3907,2.056224,2.101056,2.078781,2.078734,0.014709,2.956167,3.020620,2.987978,2.987911,0.021165,21.544628,22.014366,21.776474,21.775980,0.154253,0.000000,0.000000,0.000000,0.000000,0.000000,"2.060288;2.066272;2.101056;2.079744;2.072576;2.090912;2.080768;2.088960;2.056224;2.091008","3.014662;3.005932;2.956167;2.986460;2.996789;2.970509;2.984990;2.973284;3.020620;2.970372","21.970943;21.907314;21.544628;21.765404;21.840679;21.649153;21.754694;21.669382;22.014366;21.648157","0.000000;0.000000;0.000000;0.000000;0.000000;0.000000;0.000000;0.000000;0.000000;0.000000"
./Dataset/webbase-1M/webbase-1M.mtx,CSR Vector NVDA,1000005,1000005,3105536,256,125001,11.619328,11.630592,11.624346,11.624345,0.003070,0.534029,0.534547,0.534316,0.534316,0.000141,3.892018,3.895791,3.894109,3.894109,0.001028,0.000009,0.000009,0.000009,0.000009,0.000000,"11.630592;11.624448;11.626496;11.623424;11.625472;11.619328;11.624448;11.625472;11.622400;11.621376","0.534029;0.534311;0.534217;0.534358;0.534264;0.534547;0.534311;0.534264;0.534405;0.534452","3.892018;3.894075;3.893389;3.894418;3.893732;3.895791;3.894075;3.893732;3.894761;3.895104","0.000009;0.000009;0.000009;0.000009;0.000009;0.000009;0.000009;0.000009;0.000009;0.000009"
./Dataset/webbase-1M/webbase-1M.mtx,CSR cuSparse NVDA,1000005,1000005,3105536,0,0,1.391616,1.408000,1.399091,1.399084,0.004581,4.411273,4.463209,4.439404,4.439383,0.014534,32.149483,32.527988,32.354507,32.354351,0.105920,0.000009,0.000009,0.000009,0.000009,0.000000,"1.392640;1.398784;1.408000;1.400832;1.399808;1.400832;1.399808;1.400832;1.391616;1.397760","4.459927;4.440337;4.411273;4.433845;4.437088;4.433845;4.437088;4.433845;4.463209;4.443590","32.504070;32.361301;32.149483;32.313992;32.337627;32.313992;32.337627;32.313992;32.527988;32.385010","0.000009;0.000009;0.000009;0.000009;0.000009;0.000009;0.000009;0.000009;0.000009;0.000009"
Dataset/ASIC_680ks/ASIC_680ks.mtx,COO CPU,682712,682712,2329176,0,0,176.682007,185.080994,179.411179,179.392685,2.727825,0.025169,0.026366,0.025970,0.025967,0.000390,0.201354,0.210926,0.207760,0.207739,0.003121,0.000000,0.000000,0.000000,0.000000,0.000000,"176.824005;180.287994;178.259995;185.080994;182.283005;176.682007;179.356995;176.792999;180.584000;177.960007","0.026345;0.025838;0.026132;0.025169;0.025556;0.026366;0.025973;0.026349;0.025796;0.026176","0.210757;0.206707;0.209059;0.201354;0.204445;0.210926;0.207780;0.210793;0.206368;0.209411",""
Dataset/ASIC_680ks/ASIC_680ks.mtx,COO NVDA,682712,682712,2329176,256,9099,1.713152,1.855488,1.741712,1.741102,0.049308,2.510581,2.719170,2.676432,2.675520,0.072602,20.084644,21.753363,21.411455,21.404160,0.580818,0.000319,0.000319,0.000319,0.000319,0.000000,"1.855488;1.731520;1.714176;1.809408;1.719296;1.722368;1.713152;1.716224;1.718240;1.717248","2.510581;2.690325;2.717546;2.574517;2.709453;2.704621;2.719170;2.714303;2.711118;2.712684","20.084644;21.522602;21.740366;20.596138;21.675627;21.636965;21.753363;21.714424;21.688946;21.701475","0.000319;0.000319;0.000319;0.000319;0.000319;0.000319;0.000319;0.000319;0.000319;0.000319"
Dataset/ASIC_680ks/ASIC_680ks.mtx,COO cuSparse,682712,682712,2329176,0,0,1.176576,1.277952,1.200102,1.199761,0.030592,3.645170,3.959244,3.883804,3.882732,0.094856,29.161360,31.673956,31.070431,31.061855,0.758846,0.000606,0.000606,0.000606,0.000606,0.000000,"1.200032;1.183744;1.223520;1.178624;1.186816;1.187840;1.176576;1.185792;1.200128;1.277952","3.881856;3.935270;3.807336;3.952365;3.925084;3.921700;3.959244;3.928473;3.881546;3.645170","31.054852;31.482161;30.458689;31.618917;31.400669;31.373600;31.673956;31.427786;31.052368;29.161360","0.000606;0.000606;0.000606;0.000606;0.000606;0.000606;0.000606;0.000606;0.000606;0.000606"
Dataset/ASIC_680ks/ASIC_680ks.mtx,CSR CPU,682712,682712,2329176,0,0,163.192993,172.820999,166.283005,166.255463,3.205863,0.026955,0.028545,0.028024,0.028019,0.000532,0.193332,0.204738,0.201000,0.200967,0.003817,0.000000,0.000000,0.000000,0.000000,0.000000,"166.912994;169.742996;165.248993;163.222000;172.820999;168.533005;163.192993;164.886002;164.895004;163.375000","0.027909;0.027444;0.028190;0.028540;0.026955;0.027641;0.028545;0.028252;0.028250;0.028513","0.200175;0.196838;0.202191;0.204702;0.193332;0.198251;0.204738;0.202636;0.202625;0.204510",""
Dataset/ASIC_680ks/ASIC_680ks.mtx,CSR NVDA,682712,682712,2329176,256,2667,1.603584,1.651712,1.625293,1.625232,0.014838,2.820318,2.904963,2.866376,2.866269,0.026080,20.228592,20.835709,20.558945,20.558178,0.187057,0.000885,0.000885,0.000885,0.000885,0.000000,"1.651712;1.628160;1.631232;1.619968;1.644544;1.618944;1.611776;1.629184;1.603584;1.613824","2.820318;2.861115;2.855726;2.875583;2.832610;2.877402;2.890198;2.859316;2.904963;2.886530","20.228592;20.521206;20.482559;20.624981;20.316763;20.638025;20.729809;20.508308;20.835709;20.703503","0.000885;0.000885;0.000885;0.000885;0.000885;0.000885;0.000885;0.000885;0.000885;0.000885"
Dataset/ASIC_680ks/ASIC_680ks.mtx,CSR Vector NVDA,682712,682712,2329176,256,85339,8.208384,8.350720,8.240435,8.240338,0.042276,0.557838,0.567511,0.565317,0.565311,0.002873,4.001069,4.070449,4.054712,4.054665,0.020608,0.000686,0.000686,0.000686,0.000686,0.000000,"8.254464;8.243200;8.254464;8.219648;8.210432;8.223744;8.350720;8.208384;8.216576;8.222720","0.564343;0.565114;0.564343;0.566734;0.567370;0.566451;0.557838;0.567511;0.566946;0.566522","4.047726;4.053257;4.047726;4.064871;4.069434;4.062846;4.001069;4.070449;4.066391;4.063352","0.000686;0.000686;0.000686;0.000686;0.000686;0.000686;0.000686;0.000686;0.000686;0.000686"
Dataset/ASIC_680ks/ASIC_680ks.mtx,CSR cuSparse NVDA,682712,682712,2329176,0,0,1.127424,1.277952,1.157837,1.157102,0.044578,3.645170,4.131855,4.028307,4.025877,0.143924,26.144808,29.635530,28.892843,28.875410,1.032285,0.000606,0.000606,0.000606,0.000606,0.000000,"1.127424;1.139712;1.150976;1.277952;1.161216;1.131520;1.129472;1.163264;1.163264;1.133568","4.131855;4.087306;4.047306;3.645170;4.011615;4.116898;4.124362;4.004552;4.004552;4.109459","29.635530;29.316010;29.029110;26.144808;28.773121;29.528252;29.581795;28.722462;28.722462;29.474901","0.000606;0.000606;0.000606;0.000606;0.000606;0.000606;0.000606;0.000606;0.000606;0.000606"
